t,px,py,vx,vy,hx,hy,ax,ay,action_hx,action_hy
0.004,0.500000,0.500000,0.675000,0.575000,0.044444,0.500000,0.968889,0.504772,0.000000,0.000000
0.020,0.510889,0.508400,0.674825,0.574925,0.044444,0.500000,0.968889,0.507685,0.000000,0.000000
0.035,0.516794,0.512955,0.674650,0.574850,0.044444,0.500000,0.968889,0.510298,0.000000,0.000000
0.051,0.521762,0.516788,0.674476,0.574775,0.044444,0.500000,0.968889,0.513224,0.000000,0.000000
0.068,0.527035,0.520856,0.674301,0.574700,0.044444,0.500000,0.968889,0.516316,0.000000,0.000000
0.085,0.532303,0.524919,0.674127,0.574626,0.044444,0.500000,0.968889,0.519364,0.000000,0.000000
0.101,0.537256,0.528740,0.673953,0.574551,0.044444,0.500000,0.968889,0.522607,0.000000,0.000000
0.117,0.542204,0.532557,0.673779,0.574477,0.044444,0.500000,0.968889,0.526270,0.000000,0.000000
0.134,0.547456,0.536609,0.673605,0.574402,0.044444,0.500000,0.968889,0.529947,0.000000,0.000000
0.150,0.552394,0.540418,0.673431,0.574328,0.044444,0.500000,0.968889,0.534095,0.000000,0.000000
0.167,0.557635,0.544461,0.673258,0.574253,0.044444,0.500000,0.968889,0.538251,0.000000,0.000000
0.182,0.562563,0.548263,0.673085,0.574179,0.044444,0.500000,0.968889,0.542659,0.000000,0.000000
0.199,0.567487,0.552061,0.672912,0.574105,0.044444,0.500000,0.968889,0.547331,0.000000,0.000000
0.215,0.572405,0.555855,0.672739,0.574031,0.044444,0.500000,0.968889,0.552281,0.000000,0.000000
0.231,0.577319,0.559646,0.672566,0.573957,0.044444,0.500000,0.968889,0.557850,0.000000,0.000000
0.248,0.582534,0.563669,0.672393,0.573883,0.044444,0.500000,0.968889,0.563419,0.000000,0.000000
0.265,0.587438,0.567452,0.672221,0.573809,0.044444,0.500000,0.968889,0.569681,0.000000,0.000000
0.281,0.592642,0.571467,0.672049,0.573735,0.044444,0.500000,0.968889,0.576328,0.000000,0.000000
0.298,0.597842,0.575478,0.671877,0.573661,0.044444,0.500000,0.968889,0.582971,0.000000,0.000000
0.314,0.602731,0.579250,0.671705,0.573588,0.044444,0.500000,0.968889,0.589994,0.000000,0.000000
0.330,0.607615,0.583017,0.671533,0.573514,0.044444,0.500000,0.968889,0.597873,0.000000,0.000000
0.347,0.612799,0.587017,0.671362,0.573441,0.044444,0.500000,0.968889,0.606211,0.000000,0.000000
0.364,0.617978,0.591012,0.671190,0.573367,0.044444,0.500000,0.968889,0.615024,0.000000,0.000000
0.381,0.623152,0.595003,0.671019,0.573294,0.044444,0.500000,0.968889,0.624325,0.000000,0.000000
0.398,0.628320,0.598990,0.670848,0.573221,0.044444,0.500000,0.968889,0.634128,0.000000,0.000000
0.420,0.633484,0.602973,0.670677,0.573147,0.044444,0.500000,0.968889,0.644444,0.000000,0.000000
0.432,0.638642,0.606952,0.670506,0.573074,0.052819,0.492954,0.968889,0.653154,0.905917,-0.423455
0.448,0.643492,0.610694,0.670336,0.573001,0.061295,0.486309,0.968889,0.661153,0.916823,-0.399294
0.464,0.648337,0.614432,0.670166,0.572928,0.070392,0.479645,0.968889,0.668868,0.926223,-0.376977
0.481,0.653480,0.618399,0.669995,0.572855,0.079007,0.473608,0.968889,0.675363,0.931873,-0.362786
0.499,0.658315,0.622129,0.669825,0.572782,0.088754,0.467078,0.968889,0.683334,0.937200,-0.348793
0.515,0.663750,0.626321,0.669656,0.572710,0.097483,0.461600,0.968889,0.690963,0.944248,-0.329236
0.532,0.668576,0.630044,0.669486,0.572637,0.106865,0.456366,0.968889,0.699248,0.955174,-0.296044
0.548,0.673698,0.633995,0.669316,0.572564,0.116298,0.451438,0.968889,0.707297,0.960364,-0.278748
0.566,0.678815,0.637943,0.669147,0.572492,0.125796,0.446938,0.968889,0.714474,0.967075,-0.254493
0.583,0.683927,0.641886,0.668978,0.572419,0.135369,0.442981,0.968889,0.720894,0.974628,-0.223829
0.599,0.689034,0.645826,0.668809,0.572347,0.144995,0.439461,0.968889,0.726441,0.979985,-0.199071
0.616,0.694136,0.649762,0.668640,0.572274,0.154710,0.436852,0.968889,0.730804,0.989054,-0.147553
0.632,0.699232,0.653693,0.668472,0.572202,0.163907,0.435177,0.968889,0.733454,0.994920,-0.100667
0.649,0.704024,0.657390,0.668303,0.572130,0.173714,0.434170,0.968889,0.734219,0.998375,-0.056994
0.666,0.709111,0.661314,0.668135,0.572058,0.183534,0.433828,0.968889,0.732952,0.999813,-0.019318
0.685,0.714192,0.665234,0.667967,0.571986,0.193933,0.434136,0.968889,0.729532,0.999865,0.016446
0.702,0.719567,0.669380,0.667799,0.571914,0.203752,0.434518,0.968889,0.724895,0.999767,0.021591
0.719,0.724638,0.673292,0.667631,0.571842,0.213571,0.434994,0.968889,0.719015,0.999637,0.026933
0.734,0.729705,0.677201,0.667463,0.571770,0.222809,0.435607,0.968889,0.712577,0.999322,0.036827
0.750,0.734468,0.680875,0.667296,0.571698,0.232046,0.434921,0.968889,0.705443,0.999150,-0.041224
0.767,0.739227,0.684546,0.667129,0.571626,0.223078,0.430884,0.968889,0.700777,-0.970134,-0.242568
0.783,0.743980,0.688214,0.666961,0.571555,0.213976,0.433795,0.968889,0.698816,-0.984588,0.174892
0.799,0.748730,0.691877,0.666794,0.571483,0.204792,0.435698,0.968889,0.700715,-0.993438,0.114370
0.815,0.753474,0.695537,0.666628,0.571412,0.195549,0.436000,0.968889,0.707091,-0.999835,0.018176
0.832,0.758214,0.699193,0.666461,0.571340,0.187129,0.445104,0.968889,0.717246,-0.857228,0.514937
0.849,0.763244,0.703074,0.666295,0.571269,0.177471,0.448327,0.968889,0.730540,-0.983251,0.182255
0.865,0.768270,0.706951,0.666128,0.571198,0.175185,0.464450,0.968889,0.743590,-0.247346,0.968927
0.881,0.772996,0.710597,0.665962,0.571127,0.165453,0.466846,0.968889,0.759351,-0.990770,0.135554
0.898,0.778011,0.714466,0.665796,0.571055,0.161896,0.482205,0.968889,0.774488,-0.384747,0.923022
0.914,0.782727,0.718104,0.665630,0.570984,0.156908,0.468196,0.968889,0.790185,-0.539628,-0.841904
0.930,0.787439,0.721738,0.665465,0.570913,0.159979,0.483891,0.968889,0.805828,0.332185,0.943214
0.946,0.792145,0.725369,0.665299,0.570843,0.160070,0.501570,0.968889,0.822390,0.009341,0.999956
0.964,0.797141,0.729223,0.665134,0.570772,0.159969,0.484931,0.968889,0.838241,-0.010955,-0.999940
0.979,0.801838,0.732846,0.664969,0.570701,0.160026,0.501571,0.968889,0.854115,0.006123,0.999981
0.996,0.806530,0.736466,0.664804,0.570630,0.159906,0.484932,0.968889,0.870066,-0.012982,-0.999916
1.010,0.811218,0.740083,0.664639,0.570560,0.160010,0.501571,0.968889,0.886043,0.011259,0.999937
1.028,0.815901,0.743695,0.664474,0.570489,0.160010,0.501571,0.968889,0.902037,0.000000,0.000000
1.043,0.820580,0.747304,0.664310,0.570419,0.159983,0.519251,0.968889,0.919035,-0.002752,0.999996
1.061,0.825545,0.751135,0.664146,0.570348,0.162089,0.501982,0.968791,0.936034,0.214428,-0.976740
1.077,0.830506,0.754962,0.663981,0.570278,0.162227,0.518621,0.968473,0.944000,0.014974,0.999888
1.093,0.835171,0.758560,0.663817,0.570207,0.167213,0.533854,0.968392,0.944000,0.507554,0.861620
1.111,0.840122,0.762380,0.663654,0.570137,0.162780,0.518076,0.967648,0.944000,-0.451253,-0.892396
1.127,0.845068,0.766195,0.663490,0.570067,0.166049,0.533641,0.966938,0.944000,0.353606,0.935394
1.143,0.849718,0.769782,0.663327,0.569997,0.162576,0.517104,0.965850,0.944000,-0.353606,-0.935394
1.161,0.854654,0.773590,0.663163,0.569927,0.166049,0.533641,0.964650,0.944000,0.353606,0.935394
1.177,0.859585,0.777394,0.663000,0.569857,0.162780,0.518076,0.963318,0.944000,-0.353606,-0.935394
1.194,0.864222,0.780971,0.662837,0.569787,0.166254,0.534614,0.961772,0.944000,0.353606,0.935394
1.211,0.869143,0.784767,0.662674,0.569718,0.162780,0.518076,0.959974,0.944000,-0.353606,-0.935394
1.227,0.874059,0.788560,0.662512,0.569648,0.166049,0.533641,0.958127,0.944000,0.353606,0.935394
1.243,0.878682,0.792126,0.662349,0.569578,0.162780,0.518076,0.956131,0.944000,-0.353606,-0.935394
1.259,0.883300,0.795688,0.662187,0.569509,0.166254,0.534614,0.953839,0.944000,0.353606,0.935394
1.275,0.888201,0.799470,0.662024,0.569439,0.162985,0.519049,0.951577,0.944000,-0.353606,-0.935394
1.292,0.892810,0.803025,0.661862,0.569370,0.166458,0.535587,0.948991,0.944000,0.353606,0.935394
1.309,0.897702,0.806799,0.661701,0.569300,0.163189,0.520022,0.946496,0.944000,-0.353606,-0.935394
1.326,0.902301,0.810347,0.661539,0.569231,0.166662,0.536560,0.943654,0.944000,0.353606,0.935394
1.342,0.907184,0.814113,0.661377,0.569162,0.163393,0.520995,0.941117,0.944000,-0.353606,-0.935394
1.358,0.911774,0.817654,0.661216,0.569093,0.166662,0.536560,0.938237,0.944000,0.353606,0.935394
1.374,0.916360,0.821192,0.661055,0.569023,0.163189,0.520022,0.935628,0.944000,-0.353606,-0.935394
1.392,0.921227,0.824947,0.660894,0.568954,0.166662,0.536560,0.932378,0.944000,0.353606,0.935394
1.408,0.926090,0.828698,0.660733,0.568886,0.163393,0.520995,0.929887,0.944000,-0.353606,-0.935394
1.424,0.930661,0.832225,0.660572,0.568817,0.166866,0.537533,0.926465,0.944000,0.353606,0.935394
1.441,0.935514,0.835968,0.660412,0.568748,0.163393,0.520995,0.923839,0.944000,-0.353606,-0.935394
1.459,0.940362,0.839708,0.660251,0.568679,0.167071,0.538505,0.920050,0.944000,0.353606,0.935394
1.476,0.945490,0.843664,0.660091,0.568610,0.163598,0.521968,0.917391,0.944000,-0.353606,-0.935394
1.493,0.950329,0.847396,0.659931,0.568542,0.167071,0.538505,0.913813,0.944000,0.353606,0.935394
1.511,0.955162,0.851125,0.659771,0.568473,0.163598,0.521968,0.911174,0.944000,-0.353606,-0.935394
1.527,0.959991,0.854850,0.659611,0.568405,0.166866,0.537533,0.907915,0.944000,0.353606,0.935394
1.544,0.964531,0.858352,0.659451,0.568336,0.163393,0.520995,0.905344,0.944000,-0.353606,-0.935394
1.560,0.969350,0.862070,0.659292,0.568268,0.166662,0.536560,0.902183,0.944000,0.353606,0.935394
1.577,0.973881,0.865565,0.659133,0.568200,0.163189,0.520022,0.899673,0.944000,-0.353606,-0.935394
1.593,0.978690,0.869275,0.658974,0.568132,0.166662,0.536560,0.896372,0.944000,0.353606,0.935394
1.610,0.983495,0.872982,0.658815,0.568063,0.163189,0.520022,0.894026,0.944000,-0.353606,-0.935394
1.627,0.988294,0.876684,0.341344,0.567995,0.166662,0.536560,0.889257,0.944000,0.353606,0.935394
1.644,0.983499,0.880383,0.341503,0.567927,0.163189,0.520022,0.884600,0.944000,-0.353606,-0.935394
1.662,0.978709,0.884078,0.341661,0.567859,0.166662,0.536560,0.880017,0.944000,0.353606,0.935394
1.678,0.973924,0.887770,0.341820,0.567792,0.163393,0.520995,0.875802,0.944000,-0.353606,-0.935394
1.694,0.969425,0.891241,0.341978,0.567724,0.166662,0.536560,0.871661,0.944000,0.353606,0.935394
1.710,0.964930,0.894708,0.342136,0.567656,0.163189,0.520022,0.867351,0.944000,-0.353606,-0.935394
1.727,0.960159,0.898389,0.342294,0.567588,0.166458,0.535587,0.863383,0.944000,0.353606,0.935394
1.743,0.955673,0.901849,0.342451,0.567521,0.163189,0.520022,0.859490,0.944000,-0.353606,-0.935394
1.760,0.951192,0.905306,0.342609,0.567453,0.166662,0.536560,0.855454,0.944000,0.353606,0.935394
1.776,0.946435,0.908976,0.342766,0.567386,0.163393,0.520995,0.851739,0.944000,-0.353606,-0.935394
1.792,0.941962,0.912426,0.342924,0.567318,0.166866,0.537533,0.847887,0.944000,0.353606,0.935394
1.808,0.937215,0.916088,0.343081,0.567251,0.163598,0.521968,0.844389,0.944000,-0.353606,-0.935394
1.825,0.932752,0.919531,0.343238,0.567184,0.167071,0.538505,0.840759,0.944000,0.353606,0.935394
1.842,0.928014,0.923186,0.343394,0.567117,0.163802,0.522941,0.837481,0.944000,-0.353606,-0.935394
1.858,0.923559,0.926623,0.343551,0.567050,0.167275,0.539478,0.834094,0.944000,0.353606,0.935394
1.875,0.918831,0.930270,0.343707,0.566983,0.164006,0.523913,0.831037,0.944000,-0.353606,-0.935394
1.891,0.914386,0.933700,0.343864,0.566916,0.167479,0.540451,0.827895,0.944000,0.353606,0.935394
1.908,0.909667,0.937340,0.344020,0.566849,0.164006,0.523913,0.824883,0.944000,-0.353606,-0.935394
1.925,0.904953,0.940976,0.344176,0.566782,0.167275,0.539478,0.822166,0.944000,0.353606,0.935394
1.940,0.900520,0.944396,0.344332,0.566715,0.164006,0.523913,0.819555,0.944000,-0.353606,-0.935394
1.957,0.896092,0.947811,0.344487,0.566648,0.167275,0.539478,0.817065,0.944000,0.353606,0.935394
1.973,0.891669,0.951224,0.344643,0.566582,0.164006,0.523913,0.814672,0.944000,-0.353606,-0.935394
1.990,0.887250,0.954633,0.344798,0.566515,0.167479,0.540451,0.812269,0.944000,0.353606,0.935394
2.006,0.882559,0.958251,0.344953,0.566449,0.164006,0.523913,0.809963,0.944000,-0.353606,-0.935394
2.023,0.877874,0.961866,0.345108,0.566382,0.167479,0.540451,0.807873,0.944000,0.353606,0.935394
2.040,0.873192,0.965477,0.345263,0.566316,0.164211,0.524886,0.805965,0.944000,-0.353606,-0.935394
2.056,0.868791,0.968873,0.345418,0.566249,0.164211,0.524886,0.804191,0.944000,0.000000,0.000000
2.072,0.864394,0.972265,0.345573,0.566183,0.164211,0.524886,0.802554,0.944000,0.000000,0.000000
2.088,0.860001,0.975653,0.345727,0.566117,0.164211,0.524886,0.801053,0.944000,0.000000,0.000000
2.104,0.855613,0.976000,0.345881,0.433949,0.164211,0.524886,0.800742,0.944000,0.000000,0.000000
2.121,0.850955,0.972407,0.346036,0.434015,0.164211,0.524886,0.800473,0.944000,0.000000,0.000000
2.138,0.846576,0.969028,0.346189,0.434081,0.164211,0.524886,0.800212,0.944000,0.000000,0.000000
2.155,0.841927,0.965442,0.346343,0.434147,0.164211,0.524886,0.799977,0.944000,0.000000,0.000000
2.171,0.853325,0.970060,0.814847,0.567210,0.164211,0.524886,0.805213,0.944000,0.000000,0.000000
2.188,0.862281,0.973501,0.814532,0.567142,0.164211,0.524886,0.810696,0.944000,0.000000,0.000000
2.204,0.871787,0.976000,0.814218,0.432925,0.164211,0.524886,0.815513,0.944000,0.000000,0.000000
2.221,0.881283,0.972351,0.813904,0.432992,0.164211,0.524886,0.820444,0.944000,0.000000,0.000000
2.237,0.890770,0.968706,0.813590,0.433059,0.164211,0.524886,0.825193,0.944000,0.000000,0.000000
2.254,0.899690,0.965279,0.813276,0.433126,0.164211,0.524886,0.830347,0.944000,0.000000,0.000000
2.271,0.909158,0.961641,0.812963,0.433193,0.164211,0.524886,0.835617,0.944000,0.000000,0.000000
2.287,0.918616,0.958006,0.812650,0.433260,0.164211,0.524886,0.840641,0.944000,0.000000,0.000000
2.304,0.927509,0.954589,0.812337,0.433326,0.164211,0.524886,0.845717,0.944000,0.000000,0.000000
2.321,0.936394,0.951175,0.812025,0.433393,0.164211,0.524886,0.851363,0.944000,0.000000,0.000000
2.338,0.946378,0.947339,0.811713,0.433460,0.164211,0.524886,0.856549,0.944000,0.000000,0.000000
2.355,0.955799,0.943719,0.811401,0.433526,0.164211,0.524886,0.861293,0.944000,0.000000,0.000000
2.371,0.964657,0.940316,0.811090,0.433593,0.164211,0.524886,0.865904,0.944000,0.000000,0.000000
2.387,0.973506,0.936916,0.810779,0.433659,0.164211,0.524886,0.870376,0.944000,0.000000,0.000000
2.403,0.982345,0.933519,0.810468,0.433725,0.164211,0.524886,0.874705,0.944000,0.000000,0.000000
2.419,0.991177,0.930126,0.189843,0.433792,0.164211,0.524886,0.871204,0.944000,0.000000,0.000000
2.440,0.981803,0.926524,0.190153,0.433858,0.164211,0.524886,0.867771,0.944000,0.000000,0.000000
2.453,0.972439,0.922926,0.190463,0.433924,0.164211,0.524886,0.864410,0.944000,0.000000,0.000000
2.470,0.963084,0.919331,0.190772,0.433990,0.164211,0.524886,0.861121,0.944000,0.000000,0.000000
2.488,0.953738,0.915740,0.191081,0.434056,0.164211,0.524886,0.857909,0.944000,0.000000,0.000000
2.505,0.944402,0.912153,0.191390,0.434122,0.164211,0.524886,0.854774,0.944000,0.000000,0.000000
2.521,0.935075,0.908569,0.191699,0.434188,0.164211,0.524886,0.851906,0.944000,0.000000,0.000000
2.537,0.926306,0.905200,0.192007,0.434254,0.164211,0.524886,0.849121,0.944000,0.000000,0.000000
2.553,0.917545,0.901833,0.192315,0.434319,0.164211,0.524886,0.846424,0.944000,0.000000,0.000000
2.569,0.908793,0.898470,0.192623,0.434385,0.164211,0.524886,0.843834,0.944000,0.000000,0.000000
2.585,0.900050,0.895111,0.192930,0.434451,0.164211,0.524886,0.841198,0.944000,0.000000,0.000000
2.601,0.890770,0.891545,0.193237,0.434516,0.164211,0.524886,0.838839,0.944000,0.000000,0.000000
2.618,0.882044,0.888192,0.193544,0.434582,0.164211,0.524886,0.836459,0.944000,0.000000,0.000000
2.635,0.872782,0.884634,0.193850,0.434647,0.164211,0.524886,0.834352,0.944000,0.000000,0.000000
2.651,0.864074,0.881288,0.194157,0.434712,0.164211,0.524886,0.832375,0.944000,0.000000,0.000000
2.667,0.855374,0.877945,0.194462,0.434778,0.164211,0.524886,0.830533,0.944000,0.000000,0.000000
2.683,0.847379,0.872756,0.194768,0.434843,0.164211,0.524886,0.828667,0.944000,0.000000,0.000000
2.700,0.838913,0.866323,0.195073,0.434908,0.164211,0.524886,0.826985,0.944000,0.000000,0.000000
2.717,0.830239,0.862990,0.195378,0.434973,0.164211,0.524886,0.825360,0.944000,0.000000,0.000000
2.733,0.821033,0.859453,0.195683,0.435038,0.164211,0.524886,0.823913,0.944000,0.000000,0.000000
2.750,0.811836,0.855919,0.195987,0.435103,0.164211,0.524886,0.822726,0.944000,0.000000,0.000000
2.766,0.803188,0.852596,0.196291,0.435168,0.164211,0.524886,0.821712,0.944000,0.000000,0.000000
2.783,0.794550,0.849277,0.196595,0.435233,0.164211,0.524886,0.820828,0.944000,0.000000,0.000000
2.799,0.785380,0.845753,0.196898,0.435298,0.164211,0.524886,0.820197,0.944000,0.000000,0.000000
2.816,0.776220,0.842233,0.197201,0.435362,0.164211,0.524886,0.819863,0.944000,0.000000,0.000000
2.831,0.767607,0.838924,0.197504,0.435427,0.164211,0.524886,0.819770,0.944000,0.000000,0.000000
2.847,0.759002,0.835618,0.197807,0.435492,0.164211,0.524886,0.819927,0.944000,0.000000,0.000000
2.863,0.750407,0.832315,0.198109,0.435556,0.164211,0.524886,0.820346,0.944000,0.000000,0.000000
2.881,0.741820,0.829016,0.198411,0.435621,0.164211,0.524886,0.821079,0.944000,0.000000,0.000000
2.897,0.732705,0.825513,0.198712,0.435685,0.164211,0.524886,0.822071,0.944000,0.000000,0.000000
2.913,0.724135,0.822220,0.199014,0.435749,0.164211,0.524886,0.823358,0.944000,0.000000,0.000000
2.929,0.715573,0.818931,0.199315,0.435814,0.164211,0.524886,0.825049,0.944000,0.000000,0.000000
2.947,0.706486,0.815439,0.199615,0.435878,0.164211,0.524886,0.827095,0.944000,0.000000,0.000000
2.963,0.697408,0.811951,0.199916,0.435942,0.164211,0.524886,0.829367,0.944000,0.000000,0.000000
2.980,0.688872,0.808671,0.200216,0.436006,0.164211,0.524886,0.832133,0.944000,0.000000,0.000000
2.997,0.679812,0.805190,0.200516,0.436070,0.164211,0.524886,0.835268,0.944000,0.000000,0.000000
3.013,0.670761,0.801712,0.200815,0.436134,0.164211,0.524886,0.838759,0.944000,0.000000,0.000000
3.030,0.661719,0.798238,0.201114,0.436198,0.164211,0.524886,0.842617,0.944000,0.000000,0.000000
3.048,0.652686,0.794767,0.201413,0.436262,0.164211,0.524886,0.846855,0.944000,0.000000,0.000000
3.064,0.643662,0.791299,0.201712,0.436325,0.164211,0.524886,0.851208,0.944000,0.000000,0.000000
3.080,0.635177,0.788039,0.202010,0.436389,0.164211,0.524886,0.855910,0.944000,0.000000,0.000000
3.097,0.626701,0.784782,0.202308,0.436453,0.164211,0.524886,0.861173,0.944000,0.000000,0.000000
3.113,0.617704,0.781325,0.202606,0.436516,0.164211,0.524886,0.866323,0.944000,0.000000,0.000000
3.129,0.609245,0.778075,0.202903,0.436580,0.164211,0.524886,0.871983,0.944000,0.000000,0.000000
3.146,0.600266,0.774625,0.203200,0.436643,0.170240,0.538844,0.878253,0.944000,0.613811,0.789453
3.163,0.591296,0.771178,0.203497,0.436706,0.161785,0.532114,0.883967,0.944000,-0.914581,-0.404403
3.179,0.582862,0.767938,0.203793,0.436770,0.168386,0.545206,0.890584,0.944000,0.672073,0.740485
3.195,0.573910,0.764498,0.204090,0.436833,0.170978,0.561179,0.897192,0.944000,0.280372,0.959891
3.212,0.565493,0.761264,0.204386,0.436896,0.173880,0.576977,0.904127,0.944000,0.313969,0.949433
3.229,0.557085,0.758033,0.204681,0.436959,0.178936,0.592135,0.911852,0.944000,0.514724,0.857356
3.245,0.548159,0.754603,0.204976,0.437022,0.175776,0.575396,0.919473,0.944000,-0.321747,-0.946826
3.262,0.539243,0.751177,0.205271,0.437085,0.178129,0.592561,0.927395,0.944000,0.239560,0.970882
3.279,0.530336,0.747755,0.205566,0.437148,0.178129,0.592561,0.934941,0.944000,0.000000,0.000000
3.295,0.521961,0.744537,0.205861,0.437211,0.187161,0.599508,0.943262,0.944000,0.919559,0.392952
3.312,0.513071,0.741121,0.206155,0.437274,0.178362,0.594406,0.950978,0.944000,-0.951829,-0.306631
3.329,0.504713,0.737909,0.206449,0.437336,0.187694,0.599920,0.959458,0.944000,0.950114,0.311902
3.346,0.495841,0.734501,0.206742,0.437399,0.194680,0.612349,0.968096,0.944000,0.711196,0.702993
3.362,0.486978,0.731095,0.207035,0.437462,0.192938,0.594949,0.968889,0.944000,-0.177294,-0.984158
3.379,0.478124,0.727693,0.207328,0.437524,0.197858,0.610251,0.968889,0.944000,0.500939,0.865483
3.396,0.469279,0.724294,0.207621,0.437587,0.197858,0.610251,0.968889,0.944000,0.000000,0.000000
3.413,0.460962,0.721099,0.207913,0.437649,0.197858,0.610251,0.968889,0.944000,0.000000,0.000000
3.429,0.452135,0.717707,0.208206,0.437711,0.206716,0.615014,0.968889,0.944000,0.958157,0.286244
3.444,0.443835,0.714518,0.208497,0.437774,0.197597,0.612281,0.968889,0.944000,-0.986415,-0.164272
3.461,0.435543,0.711332,0.208789,0.437836,0.206611,0.615977,0.968889,0.944000,0.975013,0.222146
3.477,0.427260,0.708149,0.209080,0.437898,0.215385,0.621214,0.968889,0.944000,0.949178,0.314739
3.494,0.418985,0.704969,0.209371,0.437960,0.205506,0.615368,0.968889,0.944000,-0.949978,-0.312315
3.512,0.409685,0.701396,0.209662,0.438022,0.214944,0.620259,0.968889,0.944000,0.960968,0.276658
3.528,0.400910,0.698024,0.209952,0.438084,0.217552,0.636223,0.968889,0.944000,0.282128,0.959377
3.545,0.392660,0.694854,0.210242,0.438146,0.216039,0.618754,0.968889,0.944000,-0.154108,-0.988054
3.561,0.383903,0.691489,0.210532,0.438208,0.221715,0.633184,0.968889,0.944000,0.577849,0.816144
3.578,0.375154,0.688128,0.210821,0.438270,0.218729,0.617435,0.968889,0.944000,-0.322909,-0.946430
3.595,0.366929,0.684967,0.211110,0.438332,0.224396,0.631876,0.968889,0.944000,0.576903,0.816813
3.611,0.358198,0.681612,0.211399,0.438393,0.233670,0.637700,0.968889,0.944000,0.944193,0.329391
3.628,0.349476,0.678261,0.211688,0.438455,0.225399,0.645134,0.968889,0.944000,-0.894663,0.446742
3.644,0.341275,0.675110,0.211976,0.438516,0.235203,0.644039,0.968889,0.944000,0.998082,-0.061901
3.662,0.332570,0.671765,0.212264,0.438578,0.242670,0.655525,0.968889,0.944000,0.760253,0.649628
3.678,0.323874,0.668424,0.212552,0.438639,0.236603,0.642970,0.968889,0.944000,-0.656336,-0.754469
3.695,0.315698,0.665282,0.212839,0.438701,0.244027,0.654546,0.968889,0.944000,0.755857,0.654737
3.711,0.307019,0.661948,0.213127,0.438762,0.237039,0.643651,0.968889,0.944000,-0.755857,-0.654737
3.727,0.298859,0.658812,0.213413,0.438823,0.244682,0.653013,0.968889,0.944000,0.826728,0.562602
3.743,0.290708,0.655680,0.213700,0.438884,0.235107,0.649070,0.968889,0.944000,-0.974809,-0.223042
3.760,0.282055,0.652355,0.213986,0.438945,0.244119,0.652781,0.968889,0.944000,0.974809,0.223042
3.776,0.315783,0.648759,1.417009,0.431505,0.235107,0.649070,0.968889,0.929053,-0.974809,-0.223042
3.792,0.341867,0.645252,1.416092,0.431574,0.244682,0.653013,0.968889,0.913265,0.974809,0.223042
3.810,0.369554,0.641530,1.415176,0.431642,0.235084,0.645804,0.968889,0.897061,-0.922867,-0.385119
3.827,0.398839,0.637593,1.414261,0.431711,0.243616,0.652212,0.968889,0.882942,0.922867,0.385119
3.844,0.424845,0.634096,1.413346,0.431779,0.243616,0.652212,0.968889,0.868385,0.000000,0.000000
3.859,0.452448,0.630385,1.412433,0.431847,0.243616,0.652212,0.968889,0.855174,0.000000,0.000000
3.877,0.478402,0.626896,1.411521,0.431915,0.243616,0.652212,0.968889,0.842323,0.000000,0.000000
3.892,0.504330,0.623410,1.410609,0.431984,0.243616,0.652212,0.968889,0.828907,0.000000,0.000000
3.909,0.531850,0.619709,1.409698,0.432052,0.243616,0.652212,0.968889,0.815714,0.000000,0.000000
3.926,0.559343,0.616013,1.408789,0.432119,0.243616,0.652212,0.968889,0.802703,0.000000,0.000000
3.943,0.586809,0.612320,1.407880,0.432187,0.243616,0.652212,0.968889,0.789873,0.000000,0.000000
3.960,0.614247,0.608631,1.406972,0.432255,0.243616,0.652212,0.968889,0.778289,0.000000,0.000000
3.976,0.640045,0.605163,1.406065,0.432323,0.243616,0.652212,0.968889,0.766561,0.000000,0.000000
3.993,0.667429,0.601481,1.405159,0.432391,0.243616,0.652212,0.968889,0.755426,0.000000,0.000000
4.010,0.694785,0.597803,1.404254,0.432458,0.243616,0.652212,0.968889,0.745046,0.000000,0.000000
4.028,0.722113,0.594129,1.403350,0.432526,0.243616,0.652212,0.968889,0.736060,0.000000,0.000000
4.045,0.749414,0.590458,1.402446,0.432593,0.243616,0.652212,0.968889,0.728319,0.000000,0.000000
4.062,0.776688,0.586791,1.401544,0.432661,0.243616,0.652212,0.968889,0.721562,0.000000,0.000000
4.078,0.803935,0.583128,1.400642,0.432728,0.243616,0.652212,0.968889,0.715425,0.000000,0.000000
4.095,0.831154,0.579469,1.399742,0.432795,0.243616,0.652212,0.968889,0.710061,0.000000,0.000000
4.111,0.856747,0.576028,1.398842,0.432862,0.243616,0.652212,0.968889,0.704868,0.000000,0.000000
4.128,0.883912,0.572375,1.397943,0.432930,0.243616,0.652212,0.968889,0.700486,0.000000,0.000000
4.144,0.911050,0.568727,1.397045,0.432997,0.243616,0.652212,0.968889,0.697429,0.000000,0.000000
4.161,0.936566,0.565296,1.396148,0.433064,0.243616,0.652212,0.968889,0.695332,0.000000,0.000000
4.177,0.962056,0.561869,1.395252,0.433131,0.243616,0.652212,0.968889,0.694090,0.000000,0.000000
4.195,0.500000,0.500000,0.325000,0.575000,0.243616,0.652212,0.968889,0.698443,0.000000,0.000000
4.211,0.494711,0.504080,0.325175,0.574925,0.243616,0.652212,0.968889,0.702285,0.000000,0.000000
4.227,0.489738,0.507916,0.325350,0.574850,0.243616,0.652212,0.968889,0.705896,0.000000,0.000000
4.243,0.484770,0.511748,0.325524,0.574775,0.243616,0.652212,0.968889,0.709501,0.000000,0.000000
4.260,0.479497,0.515816,0.325699,0.574700,0.243616,0.652212,0.968889,0.712821,0.000000,0.000000
4.276,0.474540,0.519641,0.325873,0.574626,0.243616,0.652212,0.968889,0.716296,0.000000,0.000000
4.293,0.469277,0.523701,0.326047,0.574551,0.243616,0.652212,0.968889,0.719515,0.000000,0.000000
4.309,0.464329,0.527518,0.326221,0.574477,0.243616,0.652212,0.968889,0.722887,0.000000,0.000000
4.326,0.459077,0.531569,0.326395,0.574402,0.243616,0.652212,0.968889,0.726015,0.000000,0.000000
4.342,0.454139,0.535379,0.326569,0.574328,0.243616,0.652212,0.968889,0.729296,0.000000,0.000000
4.358,0.448898,0.539422,0.326742,0.574253,0.243616,0.652212,0.968889,0.732344,0.000000,0.000000
4.376,0.443969,0.543224,0.326915,0.574179,0.243616,0.652212,0.968889,0.735543,0.000000,0.000000
4.392,0.438738,0.547259,0.327088,0.574105,0.243616,0.652212,0.968889,0.738702,0.000000,0.000000
4.410,0.433513,0.551290,0.327261,0.574031,0.243616,0.652212,0.968889,0.741822,0.000000,0.000000
4.426,0.428292,0.555318,0.327434,0.573957,0.243616,0.652212,0.968889,0.744906,0.000000,0.000000
4.443,0.423077,0.559341,0.327607,0.573883,0.243616,0.652212,0.968889,0.747953,0.000000,0.000000
4.461,0.417867,0.563360,0.327779,0.573809,0.243616,0.652212,0.968889,0.750973,0.000000,0.000000
4.477,0.412662,0.567375,0.327951,0.573735,0.243616,0.652212,0.968889,0.753986,0.000000,0.000000
4.494,0.407462,0.571387,0.328123,0.573661,0.243616,0.652212,0.968889,0.756991,0.000000,0.000000
4.510,0.402267,0.575394,0.328295,0.573588,0.243616,0.652212,0.968889,0.759812,0.000000,0.000000
4.528,0.397383,0.579161,0.328467,0.573514,0.243616,0.652212,0.968889,0.762803,0.000000,0.000000
4.544,0.392199,0.583161,0.328638,0.573441,0.243616,0.652212,0.968889,0.765788,0.000000,0.000000
4.560,0.387020,0.587156,0.328810,0.573367,0.243616,0.652212,0.968889,0.768586,0.000000,0.000000
4.576,0.382151,0.590912,0.328981,0.573294,0.243616,0.652212,0.968889,0.771363,0.000000,0.000000
4.594,0.377286,0.594665,0.329152,0.573221,0.243616,0.652212,0.968889,0.774289,0.000000,0.000000
4.611,0.372123,0.598648,0.329323,0.573147,0.249908,0.665787,0.968889,0.777018,0.640681,0.767807
4.630,0.366965,0.602627,0.329494,0.573074,0.250046,0.648109,0.968889,0.779723,0.013973,-0.999902
4.644,0.361812,0.606602,0.329664,0.573001,0.256597,0.659849,0.968889,0.782083,0.708677,0.705534
4.660,0.356967,0.610340,0.329834,0.572928,0.256807,0.642173,0.968889,0.784565,0.021418,-0.999771
4.677,0.351824,0.614307,0.330005,0.572855,0.262189,0.656963,0.968889,0.786891,0.547913,0.836535
4.694,0.346686,0.618271,0.330175,0.572782,0.267796,0.642446,0.968889,0.789026,0.570794,-0.821094
4.711,0.341554,0.622230,0.330344,0.572710,0.263517,0.657197,0.968889,0.791106,-0.462794,0.886466
4.727,0.336728,0.625953,0.330514,0.572637,0.272073,0.648513,0.968889,0.793053,0.871062,-0.491173
4.744,0.331606,0.629904,0.330684,0.572564,0.269291,0.664381,0.968889,0.794927,-0.300928,0.953647
4.761,0.326790,0.633619,0.330853,0.572492,0.275836,0.651197,0.968889,0.796709,0.666291,-0.745692
4.778,0.321678,0.637563,0.331022,0.572419,0.283499,0.662256,0.968889,0.798169,0.780225,0.625500
4.795,0.341367,0.625465,0.995696,0.333573,0.276536,0.649787,0.968889,0.782914,-0.708911,-0.705298
4.811,0.356348,0.616411,0.995200,0.333740,0.283090,0.661523,0.968889,0.768636,0.708911,0.705298
4.828,0.370434,0.607899,0.994705,0.333906,0.276127,0.649053,0.968889,0.753745,-0.708911,-0.705298
4.844,0.385385,0.598863,0.994210,0.334072,0.283090,0.661523,0.968889,0.738847,0.708911,0.705298
4.862,0.400321,0.589837,0.993716,0.334238,0.276127,0.649053,0.968889,0.724250,-0.708911,-0.705298
4.878,0.415242,0.580819,0.993222,0.334404,0.282680,0.660789,0.968889,0.710451,0.708911,0.705298
4.894,0.429272,0.572341,0.992729,0.334569,0.276127,0.649053,0.968889,0.696937,-0.708911,-0.705298
4.910,0.443287,0.563870,0.992236,0.334735,0.283090,0.661523,0.968889,0.682487,0.708911,0.705298
4.927,0.458164,0.554880,0.991744,0.334900,0.276127,0.649053,0.968889,0.668398,-0.708911,-0.705298
4.944,0.473025,0.545899,0.991253,0.335065,0.282680,0.660789,0.968889,0.655013,0.708911,0.705298
4.962,0.486999,0.537454,0.990761,0.335230,0.275307,0.647586,0.968889,0.640308,-0.708911,-0.705298
4.979,0.502703,0.527963,0.990270,0.335395,0.282680,0.660789,0.968889,0.625423,0.708911,0.705298
4.998,0.518392,0.518482,0.989780,0.335559,0.274898,0.646853,0.968889,0.610170,-0.708911,-0.705298
5.016,0.534935,0.508484,0.989290,0.335724,0.281861,0.659322,0.968889,0.596271,0.708911,0.705298
5.033,0.549723,0.499547,0.988801,0.335888,0.274898,0.646853,0.968889,0.582643,-0.708911,-0.705298
5.050,0.564495,0.490620,0.988312,0.336052,0.281861,0.659322,0.968889,0.568663,0.708911,0.705298
5.066,0.579253,0.481701,0.987824,0.336216,0.275307,0.647586,0.968889,0.555696,-0.708911,-0.705298
5.082,0.593129,0.473315,0.987336,0.336380,0.281861,0.659322,0.968889,0.542439,0.708911,0.705298
5.098,0.606991,0.464938,0.986849,0.336544,0.274898,0.646853,0.968889,0.528642,-0.708911,-0.705298
5.116,0.621705,0.456046,0.986362,0.336707,0.283352,0.657756,0.968889,0.513612,0.812877,0.582435
5.133,0.637268,0.446640,0.985876,0.336870,0.275837,0.648064,0.968889,0.500397,-0.812877,-0.582435
5.150,0.651089,0.438288,0.985390,0.337033,0.284556,0.653595,0.968889,0.486720,0.943141,0.332392
5.166,0.664895,0.429944,0.984904,0.337196,0.276217,0.644252,0.968889,0.472342,-0.848947,-0.528479
5.182,0.679550,0.421087,0.984420,0.337359,0.284065,0.653045,0.968889,0.458363,0.848947,0.528479
5.198,0.693329,0.412760,0.983935,0.337522,0.275940,0.643112,0.968889,0.443711,-0.827234,-0.561858
5.215,0.707955,0.403921,0.983451,0.337684,0.275940,0.643112,0.968889,0.429879,0.000000,0.000000
5.231,0.721707,0.395611,0.982968,0.337847,0.275940,0.643112,0.968889,0.415885,0.000000,0.000000
5.247,0.735444,0.387309,0.982485,0.338009,0.271632,0.628389,0.968889,0.401942,-0.465990,-0.884790
5.263,0.749168,0.379015,0.982002,0.338171,0.275940,0.643112,0.968889,0.387465,0.465990,0.884790
5.279,0.762879,0.370729,0.981520,0.338333,0.271632,0.628389,0.968889,0.373090,-0.465990,-0.884790
5.296,0.776575,0.362452,0.981039,0.338494,0.275298,0.644791,0.968889,0.357348,0.373221,0.927742
5.312,0.791113,0.353666,0.980558,0.338656,0.271632,0.628389,0.968889,0.341685,-0.373221,-0.927742
5.328,0.805637,0.344889,0.980077,0.338817,0.275082,0.643826,0.968889,0.326605,0.373221,0.927742
5.345,0.819292,0.336636,0.979597,0.338978,0.272085,0.626990,0.968889,0.310727,-0.305131,-0.952310
5.362,0.833787,0.327877,0.979117,0.339139,0.277959,0.641160,0.968889,0.294571,0.598024,0.801478
5.380,0.848267,0.319126,0.978638,0.339300,0.271288,0.628183,0.968889,0.278530,-0.679187,-0.733965
5.396,0.862732,0.310384,0.978160,0.339461,0.271288,0.628183,0.968889,0.263353,0.000000,0.000000
5.412,0.876333,0.302164,0.977682,0.339621,0.271288,0.628183,0.968889,0.247149,0.000000,0.000000
5.429,0.890770,0.293439,0.977204,0.339782,0.271288,0.628183,0.968889,0.231822,0.000000,0.000000
5.445,0.904344,0.285236,0.976727,0.339942,0.271288,0.628183,0.968889,0.215463,0.000000,0.000000
5.462,0.918751,0.276529,0.976250,0.340102,0.277281,0.614175,0.968889,0.198978,0.610109,-0.792317
5.479,0.933145,0.267831,0.975774,0.340262,0.271641,0.627359,0.968889,0.183439,-0.610109,0.792317
5.495,0.946678,0.259652,0.975298,0.340422,0.271641,0.627359,0.968889,0.166863,0.000000,0.000000
5.511,0.961042,0.250971,0.974823,0.340581,0.271641,0.627359,0.968889,0.151201,0.000000,0.000000
5.527,0.974548,0.242809,0.974348,0.340741,0.271641,0.627359,0.968889,0.135483,0.000000,0.000000
5.545,0.988041,0.234655,0.026127,0.340900,0.274563,0.610480,0.959444,0.135443,0.297470,-0.954731
5.562,0.973719,0.226000,0.026600,0.341059,0.271388,0.626108,0.950557,0.135679,-0.343426,0.939180
5.578,0.960254,0.217862,0.027074,0.341218,0.273733,0.608939,0.941112,0.135709,0.238808,-0.971067
5.595,0.945961,0.209224,0.027547,0.341377,0.273733,0.608939,0.931112,0.135678,0.000000,0.000000
5.611,0.935996,0.225613,0.166707,0.723153,0.280618,0.597834,0.922784,0.141270,0.744737,-0.667358
5.628,0.926516,0.237039,0.167040,0.722930,0.271222,0.602984,0.914052,0.147748,-0.956634,0.291293
5.646,0.916453,0.249166,0.167373,0.722707,0.279760,0.594245,0.905002,0.152609,0.869300,-0.494284
5.663,0.906400,0.261281,0.167706,0.722484,0.286807,0.581929,0.895733,0.155875,0.717413,-0.696649
5.680,0.896358,0.273385,0.168038,0.722262,0.285619,0.599479,0.886530,0.159695,-0.120937,0.992660
5.696,0.886325,0.285476,0.168370,0.722040,0.290735,0.584387,0.877242,0.162774,0.520878,-0.853631
5.713,0.876302,0.297555,0.168702,0.721818,0.298582,0.575590,0.868454,0.165173,0.848828,-0.528670
5.729,0.866879,0.308912,0.169033,0.721596,0.307196,0.567095,0.859075,0.167178,0.877014,-0.480465
5.746,0.856876,0.320966,0.169364,0.721374,0.298133,0.573911,0.849765,0.170038,-0.922709,0.385497
5.764,0.846884,0.333009,0.169694,0.721153,0.306847,0.565750,0.840402,0.172261,0.887112,-0.461555
5.781,0.836901,0.345040,0.170025,0.720932,0.305446,0.583250,0.831114,0.175345,-0.142567,0.989785
5.797,0.826929,0.357059,0.170355,0.720711,0.307768,0.566071,0.821743,0.177465,0.236387,-0.971659
5.814,0.816966,0.369065,0.170684,0.720490,0.316011,0.558537,0.812880,0.178670,0.891647,-0.452731
5.830,0.807599,0.380354,0.171014,0.720270,0.316011,0.558537,0.804016,0.179880,0.000000,0.000000
5.846,0.798241,0.391632,0.171343,0.720049,0.325781,0.556713,0.794582,0.180667,0.994665,-0.103162
5.863,0.788308,0.403603,0.171671,0.719829,0.316717,0.559990,0.785754,0.182530,-0.980417,0.196931
5.880,0.778969,0.414858,0.172000,0.719609,0.325739,0.552997,0.776340,0.183899,0.918440,-0.395561
5.897,0.769056,0.426805,0.172328,0.719390,0.325739,0.552997,0.766933,0.185408,0.000000,0.000000
5.914,0.759153,0.438740,0.172655,0.719170,0.333108,0.541308,0.757495,0.186062,0.750280,-0.661120
5.931,0.749260,0.450662,0.172983,0.718951,0.323463,0.544650,0.748167,0.188718,-0.981976,0.189008
5.946,0.739377,0.462573,0.173310,0.718732,0.332221,0.539325,0.739381,0.191143,0.947420,-0.319993
5.962,0.730084,0.473773,0.173636,0.718514,0.336989,0.525069,0.730571,0.193277,0.515796,-0.856711
5.980,0.720801,0.484960,0.173963,0.718295,0.331163,0.539302,0.721582,0.198493,-0.593229,0.805034
5.995,0.710948,0.496836,0.174289,0.718077,0.336647,0.525907,0.712945,0.202272,0.593229,-0.805034
6.012,0.701683,0.508001,0.174614,0.717859,0.332326,0.541785,0.704152,0.208476,-0.439856,0.898068
6.029,0.691849,0.519853,0.174940,0.717641,0.336647,0.525907,0.694997,0.212655,0.439856,-0.898068
6.046,0.682025,0.531692,0.175265,0.717423,0.334881,0.542240,0.686813,0.218901,-0.190996,0.981591
6.062,0.672788,0.542824,0.175590,0.717206,0.338419,0.557614,0.679114,0.226898,0.382694,0.923875
6.079,0.663560,0.553945,0.175914,0.716989,0.335920,0.574712,0.673769,0.240912,-0.254389,0.967102
6.095,0.653766,0.565750,0.176238,0.716772,0.340300,0.558887,0.667344,0.253372,0.445910,-0.895078
6.112,0.643981,0.577542,0.176562,0.716555,0.338655,0.575262,0.668623,0.269205,-0.177895,0.984049
6.128,0.634781,0.588629,0.176885,0.716338,0.338843,0.591898,0.673853,0.282142,0.020262,0.999795
6.145,0.625590,0.599706,0.177208,0.716122,0.341257,0.609036,0.681274,0.292658,0.245803,0.969320
6.161,0.615835,0.611463,0.177531,0.715906,0.344311,0.624742,0.689139,0.300114,0.330328,0.943866
6.178,0.606662,0.622517,0.177854,0.715690,0.353379,0.633908,0.698809,0.304700,0.871927,0.489636
6.195,0.596354,0.634941,0.178176,0.715474,0.343870,0.638339,0.707716,0.310351,-0.968084,0.250625
6.212,0.586627,0.646663,0.178498,0.715259,0.351175,0.648537,0.716425,0.313555,0.790162,0.612898
6.229,0.577482,0.657684,0.178819,0.715043,0.354669,0.665061,0.725726,0.316510,0.355737,0.934586
6.246,0.567776,0.669383,0.179140,0.714828,0.358688,0.681193,0.735070,0.318974,0.409181,0.912453
6.264,0.558078,0.681069,0.179461,0.714614,0.361855,0.697929,0.744422,0.321345,0.322400,0.946604
6.279,0.548391,0.692744,0.179782,0.714399,0.367837,0.711952,0.753803,0.323316,0.609040,0.793139
6.296,0.538713,0.704408,0.180102,0.714185,0.361056,0.700641,0.762588,0.325763,-0.733465,-0.679727
6.312,0.529614,0.715374,0.180422,0.713970,0.367249,0.714365,0.771954,0.327950,0.630450,0.776230
6.330,0.519956,0.727014,0.180741,0.713756,0.370791,0.730855,0.781322,0.330104,0.360669,0.932694
6.346,0.510307,0.738642,0.181061,0.713543,0.368026,0.713890,0.790682,0.332370,-0.281481,-0.959567
6.363,0.500668,0.750259,0.181380,0.713329,0.371480,0.730441,0.799983,0.335318,0.351576,0.936159
6.380,0.491039,0.761864,0.181698,0.713116,0.376743,0.745368,0.809282,0.338293,0.535880,0.844294
6.397,0.481419,0.773457,0.182017,0.712903,0.383997,0.755684,0.818046,0.340963,0.784634,0.619959
6.414,0.472374,0.784358,0.182335,0.712690,0.375308,0.747438,0.827244,0.344823,-0.884561,-0.466424
6.430,0.462773,0.795928,0.182652,0.712477,0.383758,0.756453,0.836484,0.348340,0.860235,0.509898
6.448,0.453182,0.807487,0.182970,0.712265,0.381690,0.773737,0.845687,0.352159,-0.210547,0.977584
6.464,0.443601,0.819034,0.183287,0.712052,0.385512,0.757450,0.854894,0.355949,0.389177,-0.921163
6.480,0.434029,0.830570,0.183603,0.711840,0.385596,0.774090,0.863540,0.359663,0.009105,0.999959
6.498,0.425029,0.841416,0.183920,0.711628,0.395418,0.773822,0.872777,0.363211,0.999886,-0.015129
6.516,0.415477,0.852929,0.184236,0.711417,0.386632,0.783840,0.882467,0.367657,-0.844750,0.535161
6.532,0.405372,0.865106,0.184552,0.711205,0.396120,0.788415,0.891669,0.371484,0.965945,0.258747
6.548,0.396374,0.881031,0.188830,0.729244,0.387888,0.795987,0.900223,0.375835,-0.890483,0.455017
6.564,0.387523,0.892768,0.189141,0.729015,0.396108,0.803598,0.908825,0.379868,0.889237,0.457447
6.581,0.378681,0.904494,0.189452,0.728786,0.388862,0.815534,0.917920,0.384447,-0.737713,0.675114
6.598,0.369295,0.916939,0.189763,0.728557,0.393488,0.829942,0.926519,0.388501,0.500335,0.865832
6.615,0.360471,0.928642,0.190073,0.728328,0.390234,0.845517,0.935104,0.392647,-0.351954,0.936017
6.630,0.351655,0.940332,0.190383,0.728100,0.395504,0.860437,0.944268,0.396758,0.536557,0.843864
6.647,0.342298,0.952741,0.190693,0.727872,0.386670,0.855537,0.952843,0.400974,-0.955655,-0.294487
6.663,0.333500,0.964408,0.191002,0.727644,0.390677,0.870532,0.961455,0.404934,0.433431,0.901187
6.679,0.324710,0.976000,0.191311,0.272584,0.384388,0.882730,0.968889,0.401786,-0.680208,0.733019
6.696,0.315930,0.964356,0.191620,0.272811,0.387747,0.899344,0.968889,0.397812,0.341925,0.939727
6.712,0.306610,0.951997,0.191928,0.273038,0.381398,0.912834,0.968889,0.393819,-0.646404,0.762995
6.728,0.297299,0.939650,0.192236,0.273265,0.388569,0.902334,0.968889,0.389346,0.775775,-0.631009
6.744,0.288545,0.928042,0.192544,0.273492,0.383549,0.916306,0.968889,0.384779,-0.543046,0.839703
6.762,0.279800,0.916444,0.192851,0.273719,0.376310,0.928257,0.968889,0.379970,-0.736982,0.675912
6.779,0.270517,0.904135,0.193158,0.273945,0.367258,0.921395,0.968889,0.375377,-0.921619,-0.388097
6.795,0.261243,0.891837,0.193465,0.274171,0.358190,0.928188,0.968889,0.370957,-0.923234,0.384238
6.812,0.251979,0.879552,0.193772,0.274397,0.349708,0.921572,0.968889,0.366979,-0.917553,-0.397614
6.828,0.243269,0.868001,0.194078,0.274622,0.340484,0.915495,0.968889,0.363028,-0.939074,-0.343714
6.845,0.234023,0.855741,0.194384,0.274848,0.331327,0.909100,0.968889,0.359338,-0.932296,-0.361696
6.861,0.224787,0.843493,0.194689,0.275073,0.322864,0.902403,0.968889,0.356078,-0.915436,-0.402464
6.878,0.216102,0.831976,0.194995,0.275298,0.314699,0.894600,0.968889,0.353047,-0.883207,-0.468984
6.895,0.207427,0.820471,0.195300,0.275522,0.305915,0.884578,0.968889,0.349966,-0.844643,-0.535329
6.911,0.197676,0.807542,0.195604,0.275747,0.298504,0.874631,0.968889,0.347320,-0.801651,-0.597792
6.928,0.189018,0.796060,0.195909,0.275971,0.291373,0.864041,0.968889,0.344746,-0.771364,-0.636395
6.945,0.180368,0.784590,0.196213,0.276195,0.284270,0.851831,0.968889,0.342137,-0.723189,-0.690651
6.961,0.171187,0.772415,0.196517,0.276419,0.277597,0.838857,0.968889,0.339583,-0.679375,-0.733791
6.979,0.162015,0.760252,0.196820,0.276643,0.270703,0.824840,0.968889,0.337018,-0.662830,-0.748770
6.996,0.152313,0.747386,0.197123,0.276866,0.264718,0.812159,0.968889,0.334883,-0.647467,-0.762093
7.012,0.143698,0.735962,0.197426,0.277089,0.258811,0.799359,0.968889,0.332939,-0.638985,-0.769219
7.028,0.135092,0.724549,0.197729,0.277312,0.252865,0.786618,0.968889,0.331188,-0.643184,-0.765712
7.045,0.126494,0.713147,0.198031,0.277535,0.246434,0.773254,0.968889,0.329566,-0.654738,-0.755856
7.062,0.117368,0.701045,0.198333,0.277757,0.239710,0.760367,0.968889,0.328176,-0.684588,-0.728930
7.078,0.108250,0.688955,0.198635,0.277979,0.232802,0.747797,0.968889,0.327090,-0.703260,-0.710932
7.095,0.099143,0.676877,0.198936,0.278201,0.225873,0.736783,0.968889,0.326344,-0.749591,-0.661902
7.112,0.090579,0.665521,0.199237,0.278423,0.218082,0.726017,0.968889,0.325981,-0.793211,-0.608946
7.128,0.081489,0.653467,0.199538,0.278645,0.209607,0.717080,0.968889,0.326246,-0.862830,-0.505494
7.145,0.072409,0.641426,0.199838,0.278866,0.200494,0.710484,0.968889,0.327269,-0.927800,-0.373079
7.162,0.063337,0.629396,0.200139,0.279087,0.191003,0.705933,0.968889,0.329186,-0.966296,-0.257433
7.179,0.054275,0.617378,0.200438,0.279308,0.181256,0.703749,0.968889,0.332173,-0.992343,-0.123509
7.196,0.045221,0.605373,0.200738,0.279529,0.172035,0.702560,0.968889,0.336164,-0.997444,-0.071447
7.212,0.036709,0.594085,0.201037,0.279749,0.162805,0.701609,0.968889,0.341662,-0.998366,-0.057150
7.228,0.028205,0.582808,0.201336,0.279970,0.153606,0.699974,0.968889,0.348719,-0.995159,-0.098278
7.244,0.019710,0.571542,0.201635,0.280190,0.144044,0.695929,0.968889,0.357793,-0.973485,-0.228751
7.261,0.500000,0.500000,0.325000,0.575000,0.134813,0.689885,0.968889,0.369587,-0.939752,-0.341858
7.278,0.494711,0.504080,0.325175,0.574925,0.126960,0.681107,0.968889,0.380831,-0.849506,-0.527579
7.293,0.489738,0.507916,0.325350,0.574850,0.119717,0.670767,0.968889,0.392436,-0.783509,-0.621380
7.310,0.484770,0.511748,0.325524,0.574775,0.112649,0.658491,0.968889,0.405112,-0.719643,-0.694345
7.327,0.479497,0.515816,0.325699,0.574700,0.106325,0.644962,0.968889,0.418040,-0.643790,-0.765202
7.345,0.474230,0.519880,0.325873,0.574626,0.100755,0.630400,0.968889,0.431151,-0.567112,-0.823641
7.361,0.468967,0.523940,0.326047,0.574551,0.095864,0.615068,0.968889,0.444488,-0.497990,-0.867183
7.378,0.463710,0.527995,0.326221,0.574477,0.092957,0.598180,0.968889,0.457985,-0.295960,-0.955200
7.394,0.458458,0.532047,0.326395,0.574402,0.092485,0.581562,0.968889,0.470660,-0.051016,-0.998698
7.412,0.453520,0.535856,0.326569,0.574328,0.094375,0.564213,0.968889,0.483952,0.192463,-0.981304
7.428,0.448278,0.539900,0.326742,0.574253,0.097304,0.548429,0.968889,0.496219,0.316770,-0.948502
7.444,0.443350,0.543701,0.326915,0.574179,0.102526,0.534699,0.968889,0.508101,0.564956,-0.825121
7.461,0.438427,0.547499,0.327088,0.574105,0.109330,0.523433,0.968889,0.519482,0.735911,-0.677078
7.476,0.433509,0.551293,0.327261,0.574031,0.117562,0.515864,0.968889,0.530267,0.890568,-0.454851
7.492,0.428595,0.555084,0.327434,0.573957,0.127021,0.511098,0.968889,0.541180,0.962976,-0.269587
7.511,0.423380,0.559107,0.327607,0.573883,0.136682,0.507913,0.968889,0.551477,0.983641,-0.180138
7.526,0.418170,0.563126,0.327779,0.573809,0.145831,0.505520,0.968889,0.560586,0.989604,-0.143820
7.544,0.413271,0.566905,0.327951,0.573735,0.155589,0.503503,0.968889,0.569583,0.993475,-0.114049
7.559,0.408071,0.570916,0.328123,0.573661,0.164773,0.501606,0.968889,0.577430,0.993475,-0.114049
7.576,0.403182,0.574688,0.328295,0.573588,0.174582,0.500703,0.968889,0.585043,0.998696,-0.051055
7.592,0.397993,0.578691,0.328467,0.573514,0.183815,0.499853,0.968889,0.591561,0.998696,-0.051055
7.610,0.393114,0.582455,0.328638,0.573441,0.178229,0.514396,0.968889,0.598678,-0.568676,0.822562
7.625,0.387935,0.586450,0.328810,0.573367,0.184617,0.500965,0.968889,0.605450,0.650302,-0.759676
7.643,0.382761,0.590441,0.328981,0.573294,0.180388,0.516923,0.968889,0.612341,-0.430552,0.902566
7.660,0.377593,0.594429,0.329152,0.573221,0.180388,0.516923,0.968889,0.619188,0.000000,0.000000
7.676,0.372429,0.598412,0.329323,0.573147,0.179864,0.534578,0.968889,0.625878,-0.053275,0.998580
7.693,0.367271,0.602391,0.329494,0.573074,0.179109,0.551162,0.968889,0.632040,-0.081686,0.996658
7.709,0.362421,0.606132,0.329664,0.573001,0.178973,0.567800,0.968889,0.638044,-0.014773,0.999891
7.725,0.357576,0.609870,0.329834,0.572928,0.179444,0.584418,0.968889,0.643868,0.051019,0.998698
7.741,0.352736,0.613604,0.330005,0.572855,0.180373,0.602019,0.968889,0.649841,0.094577,0.995518
7.758,0.347598,0.617567,0.330175,0.572782,0.181231,0.619632,0.968889,0.655619,0.087294,0.996183
7.775,0.342465,0.621527,0.330344,0.572710,0.182487,0.637167,0.968889,0.661193,0.127897,0.991787
7.792,0.337338,0.625482,0.330514,0.572637,0.183792,0.653640,0.968889,0.666298,0.141133,0.989991
7.808,0.332517,0.629201,0.330684,0.572564,0.185666,0.670995,0.968889,0.671561,0.190806,0.981628
7.825,0.327400,0.633149,0.330853,0.572492,0.187954,0.688189,0.968889,0.676636,0.232974,0.972483
7.842,0.322288,0.637092,0.331022,0.572419,0.190414,0.705305,0.968889,0.681493,0.250463,0.968126
7.859,0.317181,0.641032,0.331191,0.572347,0.193317,0.722195,0.968889,0.686129,0.295580,0.955318
7.876,0.312079,0.644967,0.331360,0.572274,0.196712,0.737673,0.968889,0.690252,0.367173,0.930153
7.893,0.307282,0.648668,0.331528,0.572202,0.201228,0.753373,0.968889,0.694323,0.459846,0.887999
7.910,0.302191,0.652596,0.331697,0.572130,0.207449,0.767056,0.968889,0.698048,0.633287,0.773917
7.926,0.297104,0.656519,0.331865,0.572058,0.216397,0.774347,0.968889,0.701358,0.910990,0.412429
7.943,0.292023,0.660439,0.332033,0.571986,0.226031,0.777789,0.968889,0.704190,0.980874,0.194644
7.960,0.286947,0.664355,0.332201,0.571914,0.235724,0.774932,0.968889,0.706573,0.986866,-0.161543
7.978,0.281875,0.668268,0.332369,0.571842,0.244332,0.768863,0.968889,0.708610,0.931104,-0.364755
7.993,0.277107,0.671946,0.332537,0.571770,0.251607,0.758596,0.968889,0.710514,0.786978,-0.616981
8.009,0.272344,0.675620,0.332704,0.571698,0.243290,0.765861,0.968889,0.712760,-0.899667,0.436577
8.026,0.267585,0.679291,0.332871,0.571626,0.250898,0.754680,0.968889,0.714996,0.774616,-0.632432
8.042,0.262534,0.683188,0.333039,0.571555,0.250898,0.754680,0.968889,0.717197,0.000000,0.000000
8.058,0.260806,0.668290,0.398146,0.349813,0.251699,0.737058,0.968889,0.715949,0.081524,-0.996671
8.075,0.261970,0.628088,0.490330,-0.036330,0.250753,0.754656,0.961696,0.704932,-0.096298,0.995353
8.091,0.261678,0.598911,0.490339,-0.035794,0.251644,0.738094,0.955252,0.693911,0.096298,-0.995353
8.108,0.261403,0.571479,0.490349,-0.035258,0.250531,0.754613,0.948938,0.682649,-0.120340,0.992733
8.125,0.261128,0.544073,0.490358,-0.034723,0.253804,0.737943,0.942624,0.670007,0.333235,-0.942844
8.141,0.260837,0.514985,0.490368,-0.034188,0.249625,0.753943,0.936635,0.656862,-0.425467,0.904974
8.158,0.260546,0.485925,0.490378,-0.033654,0.253804,0.737943,0.931218,0.642936,0.425467,-0.904974
8.176,0.260255,0.456894,0.490387,-0.033120,0.249625,0.753943,0.925983,0.628787,-0.425467,0.904974
8.192,0.259964,0.427892,0.490397,-0.032587,0.253205,0.737479,0.921267,0.614057,0.364487,-0.931208
8.209,0.259674,0.398919,0.490407,-0.032055,0.249625,0.753943,0.916770,0.599108,-0.364487,0.931208
8.226,0.259384,0.369976,0.490416,-0.031523,0.252995,0.738448,0.913053,0.584575,0.364487,-0.931208
8.242,0.259112,0.342762,0.490426,-0.030991,0.246441,0.751617,0.908909,0.569298,-0.667221,0.744860
8.259,0.258822,0.313876,0.490435,-0.030460,0.252995,0.738448,0.904889,0.553915,0.667221,-0.744860
8.276,0.258533,0.285019,0.490445,-0.029930,0.246441,0.751617,0.900374,0.538984,-0.667221,0.744860
8.293,0.258244,0.256191,0.490454,-0.029400,0.252199,0.737294,0.895672,0.524240,0.586227,-0.810147
8.310,0.257956,0.227391,0.490464,-0.028870,0.243019,0.739253,0.891411,0.510198,-0.993045,0.117734
8.326,0.257685,0.200313,0.490474,-0.028342,0.250900,0.730554,0.887615,0.495731,0.852485,-0.522751
8.344,0.257414,0.173262,0.490483,-0.027813,0.241390,0.726130,0.883935,0.480074,-0.968182,-0.250246
8.361,0.257126,0.144549,0.490493,-0.027285,0.234069,0.714342,0.880482,0.464251,-0.745301,-0.666728
8.377,0.256839,0.115865,0.490502,-0.026758,0.226440,0.701621,0.876792,0.447522,-0.733652,-0.679525
8.395,0.256535,0.085523,0.490512,-0.026231,0.218573,0.691034,0.873236,0.431773,-0.800876,-0.598830
8.411,0.256248,0.056896,0.490521,-0.025705,0.210672,0.680530,0.869300,0.416319,-0.804372,-0.594126
8.428,0.255962,0.028298,0.490531,-0.025179,0.202479,0.670780,0.864905,0.401272,-0.834212,-0.551444
8.447,0.255675,0.024000,0.490540,1.024654,0.194343,0.660875,0.855582,0.398561,-0.828303,-0.560280
8.462,0.255390,0.052541,0.490549,1.024130,0.186137,0.651159,0.846163,0.397305,-0.835469,-0.549538
8.479,0.255104,0.081054,0.490559,1.023605,0.178510,0.641754,0.837274,0.397299,-0.824970,-0.565177
8.495,0.254835,0.107862,0.490568,1.023082,0.171052,0.631922,0.828397,0.398122,-0.806772,-0.590862
8.512,0.254567,0.134644,0.490578,1.022559,0.165534,0.618572,0.819534,0.399337,-0.596893,-0.802321
8.528,0.254299,0.161399,0.490587,1.022036,0.165534,0.618572,0.810698,0.401077,0.000000,0.000000
8.543,0.254031,0.188127,0.490597,1.021514,0.162890,0.602627,0.801861,0.402809,-0.286012,-0.958226
8.560,0.253764,0.214829,0.490606,1.020993,0.159787,0.618301,0.793094,0.405454,-0.335718,0.941963
8.576,0.253497,0.241504,0.490615,1.020472,0.159961,0.601664,0.784376,0.408569,0.018917,-0.999821
8.592,0.253230,0.268152,0.490625,1.019951,0.156261,0.585287,0.775282,0.413158,-0.376764,-0.926309
8.609,0.252946,0.296437,0.490634,1.019431,0.160895,0.599685,0.767334,0.420325,0.501285,0.865282
8.623,0.252680,0.323032,0.490644,1.018912,0.155582,0.586068,0.760981,0.431515,-0.574718,-0.818351
8.640,0.252414,0.349600,0.490653,1.018393,0.155582,0.586068,0.757972,0.446570,0.000000,0.000000
8.656,0.252148,0.376142,0.490662,1.017874,0.155582,0.586068,0.759423,0.463368,0.000000,0.000000
8.674,0.251866,0.404315,0.490672,1.017357,0.161929,0.573969,0.764920,0.475942,0.686547,-0.727085
8.689,0.251600,0.430803,0.490681,1.016839,0.164705,0.589841,0.772263,0.484959,0.300288,0.953849
8.706,0.251335,0.457265,0.490690,1.016322,0.174299,0.586057,0.781486,0.488613,0.976830,-0.214019
8.722,0.251054,0.485353,0.490700,1.015806,0.181509,0.598065,0.790899,0.490008,0.733995,0.679155
8.739,0.250773,0.513413,0.490709,1.015290,0.176373,0.584229,0.799703,0.492207,-0.555562,-0.831475
8.755,0.250509,0.539796,0.490718,1.014775,0.181988,0.597448,0.808538,0.493975,0.607372,0.794417
8.773,0.250245,0.566153,0.490727,1.014260,0.188953,0.608390,0.817377,0.495667,0.753402,0.657560
8.788,0.249981,0.592483,0.490737,1.013746,0.195935,0.620825,0.826739,0.497902,0.710876,0.703317
8.805,0.249701,0.620430,0.490746,1.013232,0.203191,0.632742,0.836070,0.500529,0.738696,0.674039
8.821,0.249421,0.648350,0.490755,1.012719,0.209782,0.644409,0.844809,0.503461,0.712989,0.701175
8.837,0.267779,0.676453,0.939410,1.036988,0.216661,0.657029,0.854163,0.505799,0.700350,0.713799
8.855,0.281059,0.705665,0.938971,1.036451,0.223027,0.669094,0.862957,0.508141,0.688673,0.725072
8.870,0.293546,0.733131,0.938532,1.035915,0.229167,0.681535,0.871740,0.510595,0.664130,0.747617
8.886,0.306019,0.760570,0.938094,1.035379,0.234936,0.694537,0.880514,0.513159,0.624062,0.781375
8.902,0.318481,0.787982,0.937655,1.034843,0.240472,0.709141,0.889839,0.515861,0.563632,0.826026
8.919,0.331708,0.817077,0.937218,1.034309,0.245355,0.723270,0.898621,0.518333,0.528220,0.849108
8.935,0.344144,0.844434,0.936781,1.033774,0.250220,0.738629,0.907961,0.520850,0.495278,0.868735
8.952,0.357344,0.873471,0.936344,1.033241,0.255195,0.753873,0.917313,0.523220,0.506532,0.862221
8.970,0.370532,0.902479,0.935907,1.032707,0.260070,0.769222,0.926672,0.525502,0.496291,0.868156
8.987,0.383706,0.931459,0.935472,1.032175,0.267771,0.781804,0.936591,0.527796,0.740477,0.672082
9.004,0.397641,0.962112,0.935036,1.031642,0.276472,0.790006,0.945966,0.529857,0.885868,0.463937
9.021,0.410789,0.976000,0.934601,-0.031111,0.279847,0.805497,0.937246,0.526752,0.365102,0.930968
9.037,0.423151,0.948807,0.934166,-0.030580,0.289401,0.801394,0.928289,0.521360,0.972696,-0.232084
9.054,0.436272,0.919944,0.933732,-0.030049,0.286792,0.818439,0.919817,0.513848,-0.265598,0.964084
9.071,0.449381,0.891109,0.933299,-0.029519,0.295613,0.813458,0.912349,0.505169,0.954140,-0.299360
9.086,0.461705,0.863998,0.932865,-0.028990,0.293403,0.829615,0.905545,0.494872,-0.239047,0.971008
9.104,0.474018,0.836913,0.932432,-0.028461,0.297857,0.813858,0.898869,0.482849,0.453487,-0.891263
9.120,0.487087,0.808165,0.932000,-0.027932,0.293403,0.829615,0.893038,0.469475,-0.453487,0.891263
9.138,0.500143,0.779446,0.931568,-0.027404,0.297857,0.813858,0.887997,0.455100,0.453487,-0.891263
9.154,0.513186,0.750755,0.931136,-0.026877,0.293665,0.828688,0.884308,0.440542,-0.453487,0.891263
9.170,0.525450,0.723779,0.930705,-0.026350,0.297857,0.813858,0.881486,0.425370,0.453487,-0.891263
9.186,0.537701,0.696830,0.930275,-0.025824,0.292290,0.827141,0.879413,0.409811,-0.602269,0.798293
9.201,0.549940,0.669907,0.929844,-0.025298,0.290200,0.810932,0.878159,0.393971,-0.226032,-0.974120
9.218,0.562166,0.643012,0.929414,-0.024772,0.282640,0.820508,0.877234,0.378058,-0.817816,0.575480
9.234,0.574381,0.616144,0.928985,-0.024248,0.282085,0.803898,0.876794,0.362078,-0.059974,-0.998200
9.250,0.586583,0.589302,0.928556,-0.023723,0.273011,0.800720,0.876502,0.346086,-0.981589,-0.191006
9.266,0.598773,0.562488,0.928127,-0.023200,0.264723,0.791231,0.876474,0.329087,-0.843773,-0.536700
9.285,0.611712,0.534026,0.927699,-0.022676,0.264723,0.791231,0.876891,0.313104,0.000000,0.000000
9.300,0.623878,0.507265,0.927272,-0.022154,0.257416,0.779416,0.877650,0.296159,-0.743917,-0.668272
9.316,0.636791,0.478859,0.926844,-0.021632,0.248369,0.772533,0.878584,0.279242,-0.921108,-0.389306
9.333,0.649691,0.450483,0.926418,-0.021110,0.257298,0.776841,0.879616,0.263351,0.965904,0.258899
9.350,0.661820,0.423802,0.925991,-0.020589,0.247605,0.773985,0.880884,0.246505,-0.986867,-0.161533
9.366,0.674695,0.395482,0.925565,-0.020068,0.257298,0.776841,0.882289,0.229694,0.986867,0.161533
9.385,0.687556,0.367190,0.925140,-0.019548,0.248703,0.768285,0.883903,0.212944,-0.875099,-0.483943
9.400,0.700405,0.338927,0.924714,-0.019029,0.257402,0.773914,0.885239,0.197125,0.941039,0.338298
9.416,0.712485,0.312352,0.924290,-0.018510,0.249249,0.766071,0.886554,0.181302,-0.881963,-0.471318
9.432,0.724554,0.285805,0.923865,-0.017991,0.257946,0.771713,0.888446,0.165668,0.940769,0.339049
9.448,0.736611,0.259284,0.923442,-0.017473,0.249037,0.764267,0.891101,0.149354,-0.906978,-0.421177
9.464,0.749408,0.231133,0.923018,-0.016956,0.258258,0.763081,0.893884,0.134158,0.997459,-0.071245
9.481,0.761441,0.204665,0.922595,-0.016439,0.249037,0.764267,0.896852,0.119076,-0.997459,0.071245
9.498,0.773461,0.178223,0.922172,-0.015922,0.255003,0.750221,0.900224,0.103197,0.607325,-0.794454
9.514,0.786220,0.150157,0.921750,-0.015406,0.248741,0.762462,0.903401,0.088254,-0.677374,0.735639
9.531,0.798217,0.123768,0.921329,-0.014891,0.255394,0.749456,0.906824,0.072410,0.677374,-0.735639
9.547,0.810950,0.095758,0.920907,-0.014376,0.249132,0.761697,0.909611,0.057217,-0.677374,0.735639
9.563,0.822923,0.069422,0.920486,-0.013862,0.252731,0.746369,0.912405,0.056000,0.389280,-0.921119
9.580,0.834883,0.043112,0.920066,-0.013348,0.248907,0.762655,0.914471,0.056000,-0.389280,0.921119
9.596,0.847578,0.024000,0.919646,1.012834,0.252731,0.746369,0.907686,0.056000,0.389280,-0.921119
9.614,0.860261,0.051898,0.919226,1.012322,0.248907,0.762655,0.899901,0.056000,-0.389280,0.921119
9.631,0.823929,0.074698,-0.507909,0.929793,0.252731,0.746369,0.892147,0.056000,0.389280,-0.921119
9.647,0.793468,0.098079,-0.506901,0.929363,0.248266,0.762117,0.883798,0.056000,-0.454595,0.890698
9.664,0.763037,0.121436,-0.505895,0.928934,0.252468,0.747296,0.875955,0.056000,0.454595,-0.890698
9.680,0.734425,0.143397,-0.504889,0.928505,0.248266,0.762117,0.867745,0.056000,-0.454595,0.890698
9.696,0.705842,0.165337,-0.503884,0.928076,0.252468,0.747296,0.859617,0.056000,0.454595,-0.890698
9.713,0.677287,0.187254,-0.502880,0.927648,0.248003,0.763043,0.850811,0.056000,-0.454595,0.890698
9.728,0.646977,0.210518,-0.501877,0.927220,0.252205,0.748222,0.842680,0.056000,0.454595,-0.890698
9.745,0.618479,0.232392,-0.500875,0.926793,0.248003,0.763043,0.834395,0.056000,-0.454595,0.890698
9.761,0.590010,0.254244,-0.499874,0.926366,0.252205,0.748222,0.826273,0.056000,0.454595,-0.890698
9.777,0.561569,0.276074,-0.498874,0.925940,0.248003,0.763043,0.817998,0.056000,-0.454595,0.890698
9.793,0.533157,0.297882,-0.497875,0.925514,0.252205,0.748222,0.809889,0.056000,0.454595,-0.890698
9.809,0.504773,0.319668,-0.496878,0.925089,0.248003,0.763043,0.801623,0.056000,-0.454595,0.890698
9.825,0.476417,0.341433,-0.495881,0.924663,0.252205,0.748222,0.793532,0.056000,0.454595,-0.890698
9.841,0.448090,0.363176,-0.494885,0.924239,0.247740,0.763969,0.784800,0.056000,-0.454595,0.890698
9.858,0.418022,0.386254,-0.493890,0.923815,0.252205,0.748222,0.776169,0.056000,0.454595,-0.890698
9.876,0.387985,0.409310,-0.492896,0.923391,0.247740,0.763969,0.767107,0.056000,-0.454595,0.890698
9.892,0.357977,0.432342,-0.491903,0.922967,0.252205,0.748222,0.757879,0.056000,0.454595,-0.890698
9.908,0.328000,0.455352,-0.490911,0.922544,0.248003,0.763043,0.749054,0.056000,-0.454595,0.890698
9.925,0.299814,0.476986,-0.489920,0.922122,0.252468,0.747296,0.739682,0.056000,0.454595,-0.890698
9.942,0.269896,0.499949,-0.488930,0.921700,0.248266,0.762117,0.730830,0.056000,-0.454595,0.890698
9.958,0.241767,0.521540,-0.487942,0.921278,0.252731,0.746369,0.721425,0.056000,0.454595,-0.890698
9.975,0.211909,0.544458,-0.486954,0.920857,0.248266,0.762117,0.711999,0.056000,-0.454595,0.890698
9.993,0.182081,0.567353,-0.485967,0.920436,0.252731,0.746369,0.702574,0.056000,0.454595,-0.890698
10.010,0.152283,0.590224,-0.484981,0.920015,0.246651,0.758905,0.693690,0.056000,-0.657627,0.753344
10.025,0.124266,0.611729,-0.483996,0.919595,0.248252,0.742516,0.684808,0.056000,0.173181,-0.984890
10.041,0.096276,0.633212,-0.483012,0.919176,0.246844,0.726071,0.675934,0.056000,-0.152345,-0.988327
10.058,0.068315,0.654674,-0.482029,0.918757,0.245450,0.708570,0.666556,0.056000,-0.141936,-0.989876
10.075,0.038636,0.677455,-0.481047,0.918338,0.244107,0.691056,0.657289,0.056000,-0.136758,-0.990604
10.092,0.008987,0.700212,1.480066,0.917920,0.242926,0.673504,0.666604,0.056000,-0.120190,-0.992751
10.109,0.038606,0.722947,1.479086,0.917502,0.241964,0.655909,0.676009,0.056000,-0.097966,-0.995190
10.125,0.068197,0.745659,1.478106,0.917084,0.241222,0.639323,0.684893,0.056000,-0.080245,-0.996775
10.141,0.096018,0.767014,1.477128,0.916667,0.240678,0.622711,0.693773,0.056719,-0.058832,-0.998268
10.158,0.123812,0.788347,1.476151,0.916250,0.239716,0.605116,0.703123,0.059108,-0.097982,-0.995188
10.175,0.153314,0.810991,1.475175,0.915834,0.238250,0.587634,0.712292,0.063184,-0.149212,-0.988805
10.192,0.182786,0.833612,1.474200,0.915418,0.237534,0.570001,0.721150,0.069084,-0.072885,-0.997340
10.209,0.212228,0.856211,1.473226,0.915003,0.238250,0.587634,0.729887,0.075540,0.072885,0.997340
10.226,0.241641,0.878787,1.472252,0.914588,0.237675,0.571027,0.737658,0.083308,-0.062238,-0.998061
10.241,0.269296,0.900014,1.471280,0.914173,0.238286,0.588672,0.745782,0.091976,0.062238,0.998061
10.258,0.298650,0.922545,1.470309,0.913759,0.237711,0.572065,0.752870,0.101633,-0.062238,-0.998061
10.274,0.326250,0.943730,1.469339,0.913345,0.237711,0.572065,0.760119,0.112528,0.000000,0.000000
10.291,0.355546,0.966216,1.468369,0.912932,0.237711,0.572065,0.767069,0.124040,0.000000,0.000000
10.309,0.384812,0.976000,1.467401,0.087481,0.237711,0.572065,0.760031,0.135377,0.000000,0.000000
10.326,0.414049,0.953559,1.466434,0.087893,0.237711,0.572065,0.752802,0.146318,0.000000,0.000000
10.342,0.443257,0.931140,1.465467,0.088306,0.237711,0.572065,0.745765,0.156092,0.000000,0.000000
10.358,0.470719,0.910062,1.464502,0.088717,0.237711,0.572065,0.738400,0.165052,0.000000,0.000000
10.374,0.498154,0.889004,1.463537,0.089128,0.237711,0.572065,0.730523,0.172467,0.000000,0.000000
10.390,0.525561,0.867967,1.462574,0.089539,0.237711,0.572065,0.722242,0.178279,0.000000,0.000000
10.406,0.552941,0.846952,1.461611,0.089950,0.237711,0.572065,0.713575,0.181833,0.000000,0.000000
10.422,0.580294,0.825957,1.460649,0.090360,0.237711,0.572065,0.704784,0.184199,0.000000,0.000000
10.438,0.607619,0.804984,1.459689,0.090770,0.237711,0.572065,0.695355,0.183211,0.000000,0.000000
10.456,0.636623,0.782721,1.458729,0.091179,0.237711,0.572065,0.686441,0.177596,0.000000,0.000000
10.472,0.665597,0.760482,1.457770,0.091588,0.237711,0.572065,0.678192,0.171634,0.000000,0.000000
10.488,0.692841,0.739571,1.456813,0.091996,0.237711,0.572065,0.673203,0.157200,0.000000,0.000000
10.505,0.721758,0.717375,1.455856,0.092404,0.237860,0.589742,0.673312,0.140202,0.015208,0.999884
10.522,0.750646,0.695202,1.454900,0.092812,0.246809,0.582455,0.680698,0.129608,0.911106,-0.412172
10.540,0.779505,0.673051,1.453945,0.093219,0.243142,0.598857,0.688705,0.120591,-0.373379,0.927679
10.557,0.808335,0.650922,1.452991,0.093626,0.247216,0.614944,0.696460,0.110890,0.414819,0.909904
10.574,0.837137,0.628815,1.452038,0.094032,0.244272,0.599171,0.705006,0.106486,-0.318525,-0.947914
10.588,0.864217,0.608030,1.451086,0.094438,0.247518,0.614751,0.713302,0.100738,0.351123,0.936329
10.605,0.891270,0.587265,1.450135,0.094843,0.255766,0.622264,0.721266,0.093634,0.892276,0.451491
10.621,0.918296,0.566521,1.449185,0.095249,0.247002,0.614281,0.730264,0.088465,-0.892276,-0.451491
10.638,0.946983,0.544503,1.448236,0.095653,0.255766,0.622264,0.739019,0.082092,0.892276,0.451491
10.656,0.975641,0.522506,1.447287,0.096058,0.246486,0.613812,0.748699,0.077576,-0.892276,-0.451491
10.673,0.500000,0.500000,0.325000,0.575000,0.255251,0.621794,0.757895,0.081450,0.892276,0.451491
10.690,0.494711,0.504080,0.325175,0.574925,0.246486,0.613812,0.767067,0.085503,-0.892276,-0.451491
10.707,0.489428,0.508156,0.325350,0.574850,0.255251,0.621794,0.776328,0.088838,0.892276,0.451491
10.724,0.484149,0.512228,0.325524,0.574775,0.247002,0.614281,0.784998,0.092367,-0.892276,-0.451491
10.741,0.479186,0.516056,0.325699,0.574700,0.255766,0.622264,0.794281,0.095504,0.892276,0.451491
10.757,0.473919,0.520120,0.325873,0.574626,0.247518,0.614751,0.802969,0.098883,-0.892276,-0.451491
10.773,0.468966,0.523941,0.326047,0.574551,0.256282,0.622733,0.812264,0.101892,0.892276,0.451491
10.790,0.463708,0.527996,0.326221,0.574477,0.247518,0.614751,0.821509,0.105368,-0.892276,-0.451491
10.807,0.458456,0.532048,0.326395,0.574402,0.256282,0.622733,0.830813,0.108289,0.892276,0.451491
10.825,0.453210,0.536095,0.326569,0.574328,0.247518,0.614751,0.840070,0.111656,-0.892276,-0.451491
10.841,0.447968,0.540139,0.326742,0.574253,0.255766,0.622264,0.848831,0.114370,0.892276,0.451491
10.857,0.443040,0.543941,0.326915,0.574179,0.247518,0.614751,0.857553,0.117449,-0.892276,-0.451491
10.873,0.438117,0.547739,0.327088,0.574105,0.256282,0.622733,0.866864,0.120299,0.892276,0.451491
10.890,0.432891,0.551770,0.327261,0.574031,0.247518,0.614751,0.876142,0.123480,-0.892276,-0.451491
10.908,0.427670,0.555797,0.327434,0.573957,0.256282,0.622733,0.885454,0.126312,0.892276,0.451491
10.924,0.422455,0.559820,0.327607,0.573883,0.248033,0.615221,0.894197,0.129203,-0.892276,-0.451491
10.941,0.417551,0.563603,0.327779,0.573809,0.248033,0.615221,0.903490,0.132236,0.000000,0.000000
10.957,0.412347,0.567618,0.327951,0.573735,0.248033,0.615221,0.912238,0.135075,0.000000,0.000000
10.973,0.407453,0.571394,0.328123,0.573661,0.248033,0.615221,0.920987,0.137903,0.000000,0.000000
10.990,0.402564,0.575165,0.328295,0.573588,0.248033,0.615221,0.930283,0.140898,0.000000,0.000000
11.006,0.397374,0.579168,0.328467,0.573514,0.248033,0.615221,0.939035,0.143693,0.000000,0.000000
11.022,0.392495,0.582932,0.328638,0.573441,0.256025,0.606858,0.947810,0.146249,0.864549,-0.502549
11.038,0.387621,0.586692,0.328810,0.573367,0.247624,0.613799,0.956566,0.149007,-0.908850,0.417122
11.055,0.382752,0.590449,0.328981,0.573294,0.256455,0.608880,0.965346,0.151498,0.955311,-0.295601
11.070,0.377887,0.594201,0.329152,0.573221,0.247072,0.614106,0.968889,0.154389,-0.955311,0.295601
11.087,0.372724,0.598185,0.329323,0.573147,0.256557,0.609515,0.968889,0.156984,0.965695,-0.259680
11.105,0.367565,0.602164,0.329494,0.573074,0.266149,0.613323,0.968889,0.159262,0.976534,0.215365
11.123,0.362412,0.606139,0.329664,0.573001,0.261244,0.598005,0.968889,0.161699,-0.499299,-0.866430
11.141,0.357264,0.610110,0.329834,0.572928,0.270433,0.604251,0.968889,0.163833,0.935499,0.353329
11.156,0.352122,0.614078,0.330005,0.572855,0.279714,0.610040,0.968889,0.165673,0.944881,0.327415
11.175,0.346984,0.618041,0.330175,0.572782,0.288975,0.615928,0.968889,0.167201,0.942920,0.333020
11.189,0.341852,0.622000,0.330344,0.572710,0.298138,0.622299,0.968889,0.168432,0.932814,0.360357
11.206,0.367134,0.625748,1.274858,0.569052,0.306748,0.628356,0.968889,0.158208,0.931400,0.363998
11.223,0.389175,0.629283,1.274084,0.568983,0.315328,0.634549,0.968889,0.147381,0.928160,0.372182
11.238,0.411193,0.632815,1.273310,0.568914,0.324361,0.641494,0.968889,0.135225,0.919623,0.392803
11.256,0.434564,0.636564,1.272536,0.568845,0.333479,0.648066,0.968889,0.122442,0.928337,0.371739
11.272,0.457912,0.640309,1.271764,0.568776,0.342074,0.654196,0.968889,0.110127,0.929680,0.368367
11.288,0.479864,0.643831,1.270992,0.568708,0.351190,0.660778,0.968889,0.096732,0.928106,0.372315
11.305,0.503166,0.647568,1.270221,0.568639,0.359835,0.666673,0.968889,0.083886,0.935148,0.354258
11.321,0.525074,0.651083,1.269451,0.568570,0.368550,0.672222,0.968889,0.070797,0.942767,0.333452
11.338,0.546961,0.654594,1.268681,0.568502,0.377969,0.677234,0.968889,0.056607,0.958978,0.283482
11.355,0.570192,0.658320,1.267913,0.568433,0.386879,0.681675,0.968889,0.056000,0.963728,0.266887
11.371,0.592035,0.661824,1.267145,0.568365,0.396345,0.686393,0.968889,0.056000,0.963728,0.266887
11.387,0.615220,0.665543,1.266378,0.568296,0.396345,0.686393,0.968889,0.056000,0.000000,0.000000
11.404,0.638381,0.669258,1.265611,0.568228,0.396345,0.686393,0.968889,0.056000,0.000000,0.000000
11.421,0.661520,0.672970,1.264845,0.568160,0.391627,0.672083,0.968889,0.056000,-0.510308,-0.859992
11.438,0.683275,0.676459,1.264081,0.568092,0.396934,0.688182,0.968889,0.056000,0.510308,0.859992
11.455,0.707726,0.680382,1.263317,0.568024,0.392217,0.673872,0.968889,0.056000,-0.510308,-0.859992
11.471,0.729438,0.683864,1.262553,0.567955,0.397713,0.687252,0.968889,0.056000,0.594528,0.804075
11.487,0.751128,0.687344,1.261791,0.567888,0.393076,0.671665,0.968889,0.056000,-0.472053,-0.881570
11.506,0.774151,0.691037,1.261029,0.567820,0.398733,0.686119,0.968889,0.056000,0.575946,0.817488
11.521,0.797151,0.694726,1.260268,0.567752,0.393409,0.672516,0.968889,0.056000,-0.575946,-0.817488
11.537,0.818777,0.698195,1.259508,0.567684,0.398733,0.686119,0.968889,0.056000,0.575946,0.817488
11.553,0.840381,0.701661,1.258748,0.567616,0.393076,0.671665,0.968889,0.056000,-0.575946,-0.817488
11.570,0.863312,0.705339,1.257989,0.567549,0.400091,0.684041,0.968889,0.056000,0.714162,0.699980
11.588,0.886220,0.709013,1.257231,0.567481,0.402948,0.667125,0.968889,0.056000,0.290859,-0.956766
11.604,0.909105,0.712684,1.256474,0.567414,0.405730,0.682994,0.968889,0.056000,0.300951,0.953640
11.620,0.930622,0.716136,1.255718,0.567346,0.415402,0.686074,0.968889,0.056000,0.984709,0.174205
11.637,0.953462,0.719800,1.254962,0.567279,0.411686,0.701311,0.968889,0.056000,-0.401940,0.915666
11.653,0.974936,0.723244,1.254207,0.567212,0.420921,0.700558,0.968889,0.056000,0.998978,-0.045204
11.669,0.996389,0.726686,-0.253453,0.567145,0.430587,0.703697,0.959489,0.057649,0.984118,0.177517
11.686,0.973618,0.730338,-0.252699,0.567077,0.439650,0.706983,0.950608,0.058319,0.980313,0.197449
11.703,0.952208,0.733773,-0.251947,0.567010,0.449309,0.710193,0.941165,0.058030,0.983370,0.181615
11.720,0.929483,0.737418,-0.251195,0.566943,0.459065,0.712239,0.931762,0.056429,0.993287,0.115678
11.738,0.906780,0.741060,-0.250444,0.566876,0.468889,0.713418,0.921932,0.056000,0.998014,0.063000
11.753,0.882766,0.744912,-0.249693,0.566809,0.468889,0.713025,0.913281,0.056000,0.999721,-0.023618
11.770,0.861441,0.748332,-0.248943,0.566743,0.468889,0.710864,0.904188,0.056000,0.992499,-0.122254
11.788,0.838806,0.751963,-0.248194,0.566676,0.468889,0.706820,0.895237,0.056000,0.973501,-0.228683
11.805,0.816194,0.755590,-0.247446,0.566609,0.468889,0.701455,0.886447,0.056000,0.952844,-0.303461
11.822,0.793605,0.759214,-0.246699,0.566543,0.468889,0.694792,0.877831,0.056000,0.926267,-0.376869
11.838,0.771038,0.762834,-0.245952,0.566476,0.468889,0.687259,0.869402,0.056000,0.904684,-0.426083
11.855,0.748494,0.766450,-0.245206,0.566410,0.468889,0.679842,0.861627,0.056000,0.895153,-0.445760
11.872,0.727297,0.769850,-0.244461,0.566343,0.468889,0.672265,0.853821,0.056000,0.890334,-0.455308
11.889,0.706121,0.773247,-0.243716,0.566277,0.468889,0.663748,0.845511,0.056000,0.876316,-0.481737
11.904,0.683644,0.776853,-0.242973,0.566211,0.468889,0.655410,0.837694,0.056000,0.865399,-0.501084
11.921,0.662511,0.780243,-0.242230,0.566144,0.468889,0.646373,0.829373,0.056000,0.859487,-0.511158
11.938,0.640079,0.783841,-0.241488,0.566078,0.468889,0.637044,0.821031,0.056000,0.849477,-0.527626
11.954,0.617669,0.787435,-0.240746,0.566012,0.468889,0.628116,0.813192,0.056000,0.843840,-0.536594
11.970,0.596599,0.790815,-0.240005,0.565946,0.468889,0.619181,0.805368,0.056000,0.843611,-0.536954
11.986,0.575550,0.794192,-0.239265,0.565880,0.468889,0.610362,0.797562,0.056000,0.848028,-0.529951
12.002,0.554522,0.797565,-0.238526,0.565814,0.468889,0.601623,0.789801,0.056000,0.850972,-0.525212
12.018,0.533515,0.800934,-0.237788,0.565748,0.468889,0.592962,0.782087,0.056000,0.853875,-0.520479
12.035,0.512529,0.804301,-0.237050,0.565683,0.468889,0.584356,0.774422,0.056000,0.855878,-0.517177
12.051,0.491564,0.807664,-0.236313,0.565617,0.468889,0.575270,0.766332,0.056000,0.857855,-0.513892
12.067,0.469311,0.811233,-0.235576,0.565551,0.468889,0.566224,0.758302,0.056000,0.859177,-0.511678
12.084,0.447081,0.814799,-0.234841,0.565486,0.468889,0.557201,0.750335,0.056000,0.859973,-0.510339
12.102,0.424872,0.818362,-0.234106,0.565420,0.468889,0.548693,0.742915,0.056000,0.859391,-0.511319
12.117,0.403991,0.821711,-0.233372,0.565355,0.468889,0.539737,0.735187,0.056000,0.862193,-0.506580
12.133,0.381827,0.825267,-0.232638,0.565290,0.468889,0.531378,0.728077,0.056000,0.864680,-0.502322
12.151,0.360987,0.828609,-0.231906,0.565224,0.468889,0.523034,0.721136,0.056000,0.865196,-0.501434
12.166,0.340169,0.831949,-0.231174,0.565159,0.468889,0.514694,0.714369,0.056000,0.865344,-0.501179
12.183,0.319371,0.835285,-0.230443,0.565094,0.468889,0.505289,0.706864,0.056000,0.864629,-0.502411
12.201,0.295997,0.839034,-0.229712,0.565029,0.468889,0.496425,0.699886,0.056000,0.865234,-0.501369
12.218,0.273943,0.842572,-0.228983,0.564964,0.468889,0.496425,0.692970,0.056000,0.000000,0.000000
12.234,0.251912,0.846106,-0.228254,0.564899,0.468889,0.496425,0.686064,0.056000,0.000000,0.000000
12.252,0.229902,0.849636,-0.227525,0.564834,0.468889,0.496425,0.679222,0.056000,0.000000,0.000000
12.269,0.207915,0.853163,-0.226798,0.564769,0.468889,0.496425,0.672442,0.056000,0.000000,0.000000
12.285,0.185949,0.856687,-0.226071,0.564704,0.468889,0.496425,0.666114,0.056000,0.000000,0.000000
12.301,0.165297,0.860000,-0.225345,0.564640,0.468889,0.496425,0.659435,0.056000,0.000000,0.000000
12.319,0.143375,0.863516,-0.224620,0.564575,0.468889,0.496425,0.652797,0.056000,0.000000,0.000000
12.335,0.121475,0.867029,-0.223895,0.564510,0.468889,0.496425,0.646197,0.056000,0.000000,0.000000
12.352,0.099598,0.870538,-0.223171,0.564446,0.468889,0.496425,0.639635,0.056000,0.000000,0.000000
12.368,0.077742,0.874044,-0.222448,0.564381,0.468889,0.496425,0.633550,0.056000,0.000000,0.000000
12.456,0.057192,0.877341,-0.221726,0.564317,0.468889,0.496425,0.627522,0.056000,0.000000,0.000000
